Sporcu Adı,Şehir,Cinsiyet,Takım,Madalya Çeşidi,Tarih,Kazandığı Maç Sayısı
Diane Robles,Bobport,Erkek,"Zavala, Reed and Flores",Altın,2005-07-06,11
Robert Rocha,Taylormouth,Kadın,"Thomas, Blake and Johnson",Altın,2000-06-17,32
Debra Mills,North Kevinville,Kadın,White PLC,Altın,1998-04-17,86
Amy Medina,Amyport,Kadın,Davis-Lawson,Gümüş,1993-01-28,57
Jeremy Robbins Jr.,East Matthew,Kadın,Rivera Group,Bronz,1990-05-22,90
Alyssa Johnson,South Hannah,Erkek,Greer Ltd,Gümüş,1990-11-13,9
Raymond Gould,Hernandezborough,Erkek,"Goodwin, Lara and Baker",Gümüş,1986-04-11,33
Emma Bowman,Cherylside,Kadın,Wilson-Valencia,Gümüş,1986-02-12,80
Bradley Hamilton,Port Vincenttown,Erkek,Mendoza and Sons,Bronz,1997-09-25,91
Kimberly Johnson,Garzaburgh,Erkek,Smith-Rodriguez,Gümüş,2000-05-25,14
Michelle Huang,Matthewberg,Kadın,"Nguyen, Estrada and Avila",Gümüş,1985-02-14,58
Thomas Hurst,West Alexis,Erkek,Alvarez Inc,Bronz,2004-03-17,66
Kurt Haynes,Lake Sandraville,Erkek,"Bradley, Douglas and Brown",Gümüş,1992-08-13,89
Ashley Goodman DDS,South Mark,Erkek,Lindsey-Short,Gümüş,2000-02-01,23
Michael Cooper,Bradleybury,Erkek,Kelly-Vaughn,Bronz,1990-08-29,1
Dr. Dan Keller,East Ruthside,Kadın,"Mcdonald, White and Wilson",Gümüş,1997-03-18,50
Henry Lopez,New Rebecca,Erkek,Myers-Rich,Altın,1997-07-16,35
Mason Brown,Ericton,Kadın,Vargas-Reed,Bronz,2002-04-26,94
Breanna Thomas,South Emilyville,Erkek,Rodriguez-Martinez,Gümüş,1990-11-19,97
Brandon Valdez,Tammyview,Erkek,"Adams, Jordan and Davis",Gümüş,1984-04-18,20
Chase Taylor DDS,Andreaville,Erkek,Avila LLC,Gümüş,1984-04-13,70
Daniel Nichols,Lake Rachel,Kadın,Freeman-Woods,Altın,1992-04-07,91
Bethany Sawyer,Brownborough,Kadın,"Martinez, Nguyen and Brennan",Bronz,1997-10-13,43
Darrell Erickson,New Anne,Erkek,Yates Group,Gümüş,2003-01-04,51
Olivia Robinson,Owensmouth,Erkek,Reyes-Porter,Altın,1994-09-24,68
Sue Keller,Keithberg,Erkek,Garcia-Tate,Altın,1990-09-08,7
Kathleen Anderson,Theresashire,Erkek,Malone-Hunter,Gümüş,1999-09-19,18
Melissa Chapman,Lake Jason,Erkek,Arnold LLC,Altın,1984-07-23,50
Jeremiah Trevino,New Carrie,Kadın,Butler LLC,Gümüş,1985-05-23,22
Evan Daniels,Valerieberg,Erkek,Bell-Cobb,Gümüş,1997-02-15,80
Tracy Morton,Hermanburgh,Erkek,"Hernandez, Gibson and Livingston",Gümüş,2003-10-09,7
Omar Adams,Wendychester,Kadın,Lewis-Matthews,Bronz,1988-04-22,32
Lisa James,Kevinport,Kadın,Davis-Wood,Gümüş,2000-01-30,33
Stacy Dean,South Nicole,Kadın,"Harrison, Duncan and Gardner",Bronz,1994-12-20,33
Christopher Rios,Kimberlyhaven,Kadın,"Hawkins, Bishop and Evans",Gümüş,1982-12-01,81
Jacqueline Williams,South Alexander,Kadın,King-Hale,Gümüş,1995-06-04,4
Angela Haney,Kristenbury,Erkek,Webb Inc,Gümüş,1991-06-26,61
Jason Cox,Drakeview,Erkek,Taylor PLC,Bronz,1991-08-23,37
Jennifer Jenkins,East Jonathan,Kadın,"Burns, Barber and Hunt",Bronz,1985-10-17,64
Frank Singleton,Thomasside,Kadın,Hill-Farley,Altın,1986-10-02,25
Miranda Williams,Brittanyfort,Kadın,Hayes-Burgess,Gümüş,1985-03-30,67
Cory Sanders,New Michael,Erkek,Brown-Washington,Altın,1992-09-25,74
Sarah Conway,Port Sarahland,Kadın,Page Inc,Altın,2003-04-27,32
Daniel Salazar,Jasonside,Erkek,Tran-Gonzalez,Gümüş,2002-12-15,25
Rebecca Ramirez,New Edward,Kadın,Jones-Bell,Gümüş,1988-07-20,1
Shannon Mccarthy,Lisaland,Erkek,Huff-Medina,Bronz,1987-09-23,64
Bradley Jones,Alyssastad,Kadın,Dillon Group,Bronz,1992-02-23,67
Kimberly Ochoa,Nicholemouth,Kadın,"Smith, Maldonado and Vance",Gümüş,1998-07-01,57
Mr. Bruce Green MD,Michellestad,Kadın,Deleon Inc,Gümüş,2001-02-11,7
Yolanda Brady,Port Laura,Kadın,"Nelson, Hunter and Rich",Altın,1990-08-06,52
